Rank,Puzzles,Solutions
1,332 356,(356-332)
2,873 897,(897-873)
3,803 827,(827-803)
4,280 304,(304-280)
5,751 775,(775-751)
6,161 185,(185-161)
7,358 382,(382-358)
8,829 853,(853-829)
9,239 263,(263-239)
10,777 801,(801-777)
11,187 211,(211-187)
12,907 931,(931-907)
13,384 408,(408-384)
14,855 879,(879-855)
15,265 289,(289-265)
16,4 6,(4*6)
17,213 237,(237-213)
18,933 957,(957-933)
19,881 905,(905-881)
20,291 315,(315-291)
21,6 144,(144/6)
22,959 983,(983-959)
23,369 393,(393-369)
24,366 390,(390-366)
25,317 341,(341-317)
26,444 468,(468-444)
27,395 419,(419-395)
28,866 890,(890-866)
29,392 416,(416-392)
30,343 367,(367-343)
31,473 497,(497-473)
32,470 494,(494-470)
33,941 965,(965-941)
34,421 445,(445-421)
35,892 916,(916-892)
36,35 840,(840/35)
37,418 442,(442-418)
38,499 523,(523-499)
39,496 520,(520-496)
40,967 991,(991-967)
41,447 471,(471-447)
42,377 401,(401-377)
43,918 942,(942-918)
44,915 939,(939-915)
45,525 549,(549-525)
46,522 546,(546-522)
47,403 427,(427-403)
48,944 968,(968-944)
49,10 34,(34-10)
50,551 575,(575-551)
51,481 505,(505-481)
52,429 453,(453-429)
53,36 60,(60-36)
54,507 531,(531-507)
55,455 479,(479-455)
56,62 86,(86-62)
57,533 557,(557-533)
58,611 635,(635-611)
59,88 112,(112-88)
60,559 583,(583-559)
61,637 661,(661-637)
62,47 71,(71-47)
63,585 609,(609-585)
64,715 739,(739-715)
65,122 146,(146-122)
66,663 687,(687-663)
67,73 97,(97-73)
68,544 568,(568-544)
69,21 45,(45-21)
70,741 765,(765-741)
71,151 175,(175-151)
72,148 172,(172-148)
73,689 713,(713-689)
74,619 643,(643-619)
75,8 192,(192/8)
76,99 123,(123-99)
77,570 594,(594-570)
78,96 120,(120-96)
79,767 791,(791-767)
80,177 201,(201-177)
81,648 672,(672-648)
82,174 198,(198-174)
83,645 669,(669-645)
84,125 149,(149-125)
85,55 79,(79-55)
86,596 620,(620-596)
87,252 276,(276-252)
88,203 227,(227-203)
89,674 698,(698-674)
90,200 224,(224-200)
91,671 695,(695-671)
92,81 105,(105-81)
93,622 646,(646-622)
94,278 302,(302-278)
95,749 773,(773-749)
96,37 888,(888/37)
97,229 253,(253-229)
98,226 250,(250-226)
99,697 721,(721-697)
100,107 131,(131-107)
101,304 328,(328-304)
102,775 799,(799-775)
103,255 279,(279-255)
104,185 209,(209-185)
105,723 747,(747-723)
106,133 157,(157-133)
107,853 877,(877-853)
108,330 354,(354-330)
109,801 825,(825-801)
110,211 235,(235-211)
111,159 183,(183-159)
112,879 903,(903-879)
113,289 313,(313-289)
114,827 851,(851-827)
115,237 261,(261-237)
116,905 929,(929-905)
117,315 339,(339-315)
118,786 810,(810-786)
119,263 287,(287-263)
120,931 955,(955-931)
121,861 885,(885-861)
122,341 365,(365-341)
123,812 836,(836-812)
124,222 246,(246-222)
125,419 443,(443-419)
126,887 911,(911-887)
127,367 391,(391-367)
128,838 862,(862-838)
129,10 240,(240/10)
130,248 272,(272-248)
131,835 859,(859-835)
132,445 469,(469-445)
133,916 940,(940-916)
134,913 937,(937-913)
135,393 417,(417-393)
136,323 347,(347-323)
137,864 888,(888-864)
138,274 298,(298-274)
139,471 495,(495-471)
140,942 966,(966-942)
141,352 376,(376-352)
142,939 963,(963-939)
143,349 373,(373-349)
144,890 914,(914-890)
145,300 324,(324-300)
146,497 521,(521-497)
147,427 451,(451-427)
148,968 992,(992-968)
149,378 402,(402-378)
150,965 989,(989-965)
151,375 399,(399-375)
152,326 350,(350-326)
153,3 21,(3+21)
154,453 477,(477-453)
155,924 948,(948-924)
156,404 428,(428-404)
157,401 425,(425-401)
158,8 32,(32-8)
159,479 503,(503-479)
160,950 974,(974-950)
161,430 454,(454-430)
162,557 581,(581-557)
163,34 58,(58-34)
164,505 529,(529-505)
165,583 607,(607-583)
166,531 555,(555-531)
167,609 633,(633-609)
168,19 43,(43-19)
169,490 514,(514-490)
170,8 16,(8+16)
171,97 121,(121-97)
172,635 659,(659-635)
173,45 69,(69-45)
174,516 540,(540-516)
175,123 147,(147-123)
176,594 618,(618-594)
177,591 615,(615-591)
178,71 95,(95-71)
179,1 25,(25-1)
180,542 566,(566-542)
181,669 693,(693-669)
182,149 173,(173-149)
183,620 644,(644-620)
184,30 54,(54-30)
185,617 641,(641-617)
186,27 51,(51-27)
187,568 592,(592-568)
188,695 719,(719-695)
189,175 199,(199-175)
190,12 288,(288/12)
191,646 670,(670-646)
192,56 80,(80-56)
193,643 667,(667-643)
194,53 77,(77-53)
195,4 28,(28-4)
196,724 748,(748-724)
197,721 745,(745-721)
198,201 225,(225-201)
199,131 155,(155-131)
200,672 696,(696-672)
201,82 106,(106-82)
202,13 312,(312/13)
203,79 103,(103-79)
204,799 823,(823-799)
205,750 774,(774-750)
206,160 184,(184-160)
207,747 771,(771-747)
208,157 181,(181-157)
209,698 722,(722-698)
210,108 132,(132-108)
211,105 129,(129-105)
212,825 849,(849-825)
213,235 259,(259-235)
214,776 800,(800-776)
215,773 797,(797-773)
216,183 207,(207-183)
217,134 158,(158-134)
218,851 875,(875-851)
219,2 48,(48/2)
220,261 285,(285-261)
221,802 826,(826-802)
222,732 756,(756-732)
223,209 233,(233-209)
224,339 363,(363-339)
225,877 901,(901-877)
226,287 311,(311-287)
227,758 782,(782-758)
228,168 192,(192-168)
229,365 389,(389-365)
230,836 860,(860-836)
231,313 337,(337-313)
232,784 808,(808-784)
233,194 218,(218-194)
234,391 415,(415-391)
235,862 886,(886-862)
236,11 13,(11+13)
237,810 834,(834-810)
238,220 244,(244-220)
239,888 912,(912-888)
240,298 322,(322-298)
241,246 270,(270-246)
242,966 990,(990-966)
243,373 397,(397-373)
244,3 8,(3*8)
245,914 938,(938-914)
246,324 348,(348-324)
247,321 345,(345-321)
248,272 296,(296-272)
249,402 426,(426-402)
250,399 423,(423-399)
251,940 964,(964-940)
252,870 894,(894-870)
253,350 374,(374-350)
254,347 371,(371-347)
255,15 360,(360/15)
256,477 501,(501-477)
257,428 452,(452-428)
258,899 923,(923-899)
259,425 449,(449-425)
260,896 920,(920-896)
261,376 400,(400-376)
262,506 530,(530-506)
263,503 527,(527-503)
264,974 998,(998-974)
265,454 478,(478-454)
266,451 475,(475-451)
267,922 946,(946-922)
268,532 556,(556-532)
269,529 553,(553-529)
270,480 504,(504-480)
271,410 434,(434-410)
272,948 972,(972-948)
273,558 582,(582-558)
274,555 579,(579-555)
275,436 460,(460-436)
276,5 120,(120/5)
277,43 67,(67-43)
278,584 608,(608-584)
279,581 605,(605-581)
280,462 486,(486-462)
281,4 96,(96/4)
282,69 93,(93-69)
283,610 634,(634-610)
284,540 564,(564-540)
285,17 41,(41-17)
286,488 512,(512-488)
287,95 119,(119-95)
288,566 590,(590-566)
289,514 538,(538-514)
290,644 668,(668-644)
291,121 145,(145-121)
292,51 75,(75-51)
293,592 616,(616-592)
294,2 26,(26-2)
295,670 694,(694-670)
296,80 104,(104-80)
297,77 101,(101-77)
298,618 642,(642-618)
299,548 572,(572-548)
300,28 52,(52-28)
301,745 769,(769-745)
302,696 720,(720-696)
303,106 130,(130-106)
304,577 601,(601-577)
305,103 127,(127-103)
306,574 598,(598-574)
307,54 78,(78-54)
308,771 795,(795-771)
309,181 205,(205-181)
310,722 746,(746-722)
311,132 156,(156-132)
312,603 627,(627-603)
313,129 153,(153-129)
314,600 624,(624-600)
315,210 234,(234-210)
316,797 821,(821-797)
317,207 231,(231-207)
318,748 772,(772-748)
319,678 702,(702-678)
320,158 182,(182-158)
321,629 653,(653-629)
322,155 179,(179-155)
323,17 408,(408/17)
324,626 650,(650-626)
325,236 260,(260-236)
326,823 847,(847-823)
327,233 257,(257-233)
328,704 728,(728-704)
329,184 208,(208-184)
330,114 138,(138-114)
331,652 676,(676-652)
332,782 806,(806-782)
333,262 286,(286-262)
334,259 283,(283-259)
335,730 754,(754-730)
336,140 164,(164-140)
337,808 832,(832-808)
338,288 312,(312-288)
339,218 242,(242-218)
340,756 780,(780-756)
341,166 190,(190-166)
342,886 910,(910-886)
343,834 858,(858-834)
344,244 268,(268-244)
345,7 168,(168/7)
346,192 216,(216-192)
347,912 936,(936-912)
348,860 884,(884-860)
349,790 814,(814-790)
350,270 294,(294-270)
351,938 962,(962-938)
352,348 372,(372-348)
353,816 840,(840-816)
354,296 320,(320-296)
355,964 988,(988-964)
356,374 398,(398-374)
357,845 869,(869-845)
358,842 866,(866-842)
359,322 346,(346-322)
360,793 817,(817-793)
361,920 944,(944-920)
362,400 424,(424-400)
363,871 895,(895-871)
364,281 305,(305-281)
365,868 892,(892-868)
366,819 843,(843-819)
367,949 973,(973-949)
368,2 12,(2*12)
369,946 970,(970-946)
370,426 450,(450-426)
371,356 380,(380-356)
372,897 921,(921-897)
373,307 331,(331-307)
374,894 918,(918-894)
375,975 999,(999-975)
376,501 525,(525-501)
377,385 409,(409-385)
378,972 996,(996-972)
379,382 406,(406-382)
380,923 947,(947-923)
381,333 357,(357-333)
382,20 480,(480/20)
383,408 432,(432-408)
384,359 383,(383-359)
385,486 510,(510-486)
386,957 981,(981-957)
387,434 458,(458-434)
388,512 536,(536-512)
389,460 484,(484-460)
390,590 614,(614-590)
391,538 562,(562-538)
392,616 640,(640-616)
393,26 50,(50-26)
394,564 588,(588-564)
395,642 666,(666-642)
396,52 76,(76-52)
397,9 216,(216/9)
398,523 547,(547-523)
399,32 768,(768/32)
400,668 692,(692-668)
401,598 622,(622-598)
402,78 102,(102-78)
403,549 573,(573-549)
404,546 570,(570-546)
405,156 180,(180-156)
406,624 648,(648-624)
407,104 128,(128-104)
408,575 599,(599-575)
409,572 596,(596-572)
410,5 19,(5+19)
411,182 206,(206-182)
412,653 677,(677-653)
413,650 674,(674-650)
414,130 154,(154-130)
415,60 84,(84-60)
416,601 625,(625-601)
417,11 35,(35-11)
418,728 752,(752-728)
419,208 232,(232-208)
420,679 703,(703-679)
421,89 113,(113-89)
422,676 700,(700-676)
423,22 528,(528/22)
424,86 110,(110-86)
425,627 651,(651-627)
426,37 61,(61-37)
427,757 781,(781-757)
428,754 778,(778-754)
429,234 258,(258-234)
430,164 188,(188-164)
431,705 729,(729-705)
432,115 139,(139-115)
433,702 726,(726-702)
434,112 136,(136-112)
435,832 856,(856-832)
436,63 87,(87-63)
437,783 807,(807-783)
438,780 804,(804-780)
439,190 214,(214-190)
440,731 755,(755-731)
441,661 685,(685-661)
442,138 162,(162-138)
443,858 882,(882-858)
444,268 292,(292-268)
445,809 833,(833-809)
446,806 830,(830-806)
447,10 14,(10+14)
448,216 240,(240-216)
449,687 711,(711-687)
450,884 908,(908-884)
451,294 318,(318-294)
452,765 789,(789-765)
453,242 266,(266-242)
454,713 737,(737-713)
455,910 934,(934-910)
456,320 344,(344-320)
457,791 815,(815-791)
458,11 264,(264/11)
459,739 763,(763-739)
460,936 960,(960-936)
461,346 370,(370-346)
462,817 841,(841-817)
463,227 251,(251-227)
464,895 919,(919-895)
465,372 396,(396-372)
466,302 326,(326-302)
467,843 867,(867-843)
468,253 277,(277-253)
469,970 994,(994-970)
470,921 945,(945-921)
471,331 355,(355-331)
472,34 816,(816/34)
473,328 352,(352-328)
474,869 893,(893-869)
475,279 303,(303-279)
476,276 300,(300-276)
477,406 430,(430-406)
478,947 971,(971-947)
479,357 381,(381-357)
480,828 852,(852-828)
481,354 378,(378-354)
482,305 329,(329-305)
483,435 459,(459-435)
484,432 456,(456-432)
485,973 997,(997-973)
486,903 927,(927-903)
487,383 407,(407-383)
488,854 878,(878-854)
489,380 404,(404-380)
490,461 485,(485-461)
491,458 482,(482-458)
492,929 953,(953-929)
493,409 433,(433-409)
494,536 560,(560-536)
495,487 511,(511-487)
496,24 576,(576/24)
497,484 508,(508-484)
498,955 979,(979-955)
499,562 586,(586-562)
500,513 537,(537-513)
501,510 534,(534-510)
502,588 612,(612-588)
503,539 563,(563-539)
504,469 493,(493-469)
505,417 441,(441-417)
506,614 638,(638-614)
507,24 48,(48-24)
508,495 519,(519-495)
509,443 467,(467-443)
510,573 597,(597-573)
511,14 336,(336/14)
512,50 74,(74-50)
513,521 545,(545-521)
514,599 623,(623-599)
515,6 30,(30-6)
516,547 571,(571-547)
517,625 649,(649-625)
518,35 59,(59-35)
519,32 56,(56-32)
520,703 727,(727-703)
521,700 724,(724-700)
522,110 134,(134-110)
523,651 675,(675-651)
524,61 85,(85-61)
525,58 82,(82-58)
526,778 802,(802-778)
527,9 33,(33-9)
528,729 753,(753-729)
529,139 163,(163-139)
530,726 750,(750-726)
531,136 160,(160-136)
532,677 701,(701-677)
533,607 631,(631-607)
534,87 111,(111-87)
535,84 108,(108-84)
536,804 828,(828-804)
537,214 238,(238-214)
538,755 779,(779-755)
539,165 189,(189-165)
540,752 776,(776-752)
541,162 186,(186-162)
542,633 657,(657-633)
543,113 137,(137-113)
544,243 267,(267-243)
545,830 854,(854-830)
546,240 264,(264-240)
547,781 805,(805-781)
548,711 735,(735-711)
549,191 215,(215-191)
550,188 212,(212-188)
551,659 683,(683-659)
552,27 648,(648/27)
553,269 293,(293-269)
554,856 880,(880-856)
555,266 290,(290-266)
556,737 761,(761-737)
557,217 241,(241-217)
558,147 171,(171-147)
559,685 709,(709-685)
560,815 839,(839-815)
561,292 316,(316-292)
562,763 787,(787-763)
563,173 197,(197-173)
564,841 865,(865-841)
565,318 342,(342-318)
566,789 813,(813-789)
567,199 223,(223-199)
568,867 891,(891-867)
569,277 301,(301-277)
570,225 249,(249-225)
571,945 969,(969-945)
572,893 917,(917-893)
573,303 327,(327-303)
574,774 798,(798-774)
575,251 275,(275-251)
576,971 995,(995-971)
577,16 384,(384/16)
578,381 405,(405-381)
579,39 936,(936/39)
580,919 943,(943-919)
581,849 873,(873-849)
582,329 353,(353-329)
583,800 824,(824-800)
584,456 480,(480-456)
585,407 431,(431-407)
586,878 902,(902-878)
587,875 899,(899-875)
588,355 379,(379-355)
589,285 309,(309-285)
590,826 850,(850-826)
591,482 506,(506-482)
592,953 977,(977-953)
593,433 457,(457-433)
594,904 928,(928-904)
595,314 338,(338-314)
596,901 925,(925-901)
597,311 335,(335-311)
598,852 876,(876-852)
599,508 532,(532-508)
600,459 483,(483-459)
601,930 954,(954-930)
602,340 364,(364-340)
603,927 951,(951-927)
604,337 361,(361-337)
605,534 558,(558-534)
606,485 509,(509-485)
607,415 439,(439-415)
608,956 980,(980-956)
609,363 387,(387-363)
610,560 584,(584-560)
611,441 465,(465-441)
612,389 413,(413-389)
613,519 543,(543-519)
614,467 491,(491-467)
615,29 696,(696/29)
616,545 569,(569-545)
617,25 49,(49-25)
618,493 517,(517-493)
619,623 647,(647-623)
620,571 595,(595-571)
621,452 476,(476-452)
622,649 673,(673-649)
623,18 432,(432/18)
624,597 621,(621-597)
625,527 551,(551-527)
626,7 31,(31-7)
627,478 502,(502-478)
628,675 699,(699-675)
629,85 109,(109-85)
630,553 577,(577-553)
631,19 456,(456/19)
632,33 57,(57-33)
633,504 528,(528-504)
634,701 725,(725-701)
635,111 135,(135-111)
636,582 606,(606-582)
637,579 603,(603-579)
638,59 83,(83-59)
639,530 554,(554-530)
640,186 210,(210-186)
641,727 751,(751-727)
642,657 681,(681-657)
643,137 161,(161-137)
644,608 632,(632-608)
645,18 42,(42-18)
646,605 629,(629-605)
647,15 39,(39-15)
648,556 580,(580-556)
649,686 710,(710-686)
650,212 236,(236-212)
651,683 707,(707-683)
652,163 187,(187-163)
653,93 117,(117-93)
654,634 658,(658-634)
655,44 68,(68-44)
656,631 655,(655-631)
657,41 65,(65-41)
658,761 785,(785-761)
659,712 736,(736-712)
660,238 262,(262-238)
661,709 733,(733-709)
662,119 143,(143-119)
663,660 684,(684-660)
664,70 94,(94-70)
665,67 91,(91-67)
666,787 811,(811-787)
667,197 221,(221-197)
668,738 762,(762-738)
669,735 759,(759-735)
670,145 169,(169-145)
671,31 744,(744/31)
672,813 837,(837-813)
673,223 247,(247-223)
674,764 788,(788-764)
675,694 718,(718-694)
676,171 195,(195-171)
677,891 915,(915-891)
678,839 863,(863-839)
679,249 273,(273-249)
680,720 744,(744-720)
681,2 22,(2+22)
682,917 941,(941-917)
683,327 351,(351-327)
684,865 889,(889-865)
685,275 299,(299-275)
686,746 770,(770-746)
687,943 967,(967-943)
688,353 377,(377-353)
689,824 848,(848-824)
690,301 325,(325-301)
691,231 255,(255-231)
692,772 796,(796-772)
693,969 993,(993-969)
694,379 403,(403-379)
695,850 874,(874-850)
696,260 284,(284-260)
697,257 281,(281-257)
698,798 822,(822-798)
699,928 952,(952-928)
700,925 949,(949-925)
701,405 429,(429-405)
702,335 359,(359-335)
703,876 900,(900-876)
704,286 310,(310-286)
705,283 307,(307-283)
706,954 978,(978-954)
707,7 17,(7+17)
708,364 388,(388-364)
709,951 975,(975-951)
710,21 504,(504/21)
711,361 385,(385-361)
712,902 926,(926-902)
713,312 336,(336-312)
714,309 333,(333-309)
715,390 414,(414-390)
716,387 411,(411-387)
717,338 362,(362-338)
718,465 489,(489-465)
719,416 440,(440-416)
720,413 437,(437-413)
721,494 518,(518-494)
722,491 515,(515-491)
723,962 986,(986-962)
724,442 466,(466-442)
725,439 463,(463-439)
726,569 593,(593-569)
727,520 544,(544-520)
728,517 541,(541-517)
729,468 492,(492-468)
730,398 422,(422-398)
731,12 12,(12+12)
732,595 619,(619-595)
733,5 29,(29-5)
734,543 567,(567-543)
735,33 792,(792/33)
736,424 448,(448-424)
737,621 645,(645-621)
738,31 55,(55-31)
739,502 526,(526-502)
740,450 474,(474-450)
741,647 671,(671-647)
742,57 81,(81-57)
743,528 552,(552-528)
744,476 500,(500-476)
745,83 107,(107-83)
746,554 578,(578-554)
747,632 656,(656-632)
748,109 133,(133-109)
749,39 63,(63-39)
750,23 552,(552/23)
751,580 604,(604-580)
752,707 731,(731-707)
753,658 682,(682-658)
754,68 92,(92-68)
755,655 679,(679-655)
756,65 89,(89-65)
757,606 630,(630-606)
758,16 40,(40-16)
759,736 760,(760-736)
760,13 37,(37-13)
761,733 757,(757-733)
762,143 167,(167-143)
763,684 708,(708-684)
764,94 118,(118-94)
765,681 705,(705-681)
766,565 589,(589-565)
767,91 115,(115-91)
768,811 835,(835-811)
769,42 66,(66-42)
770,762 786,(786-762)
771,172 196,(196-172)
772,759 783,(783-759)
773,169 193,(193-169)
774,710 734,(734-710)
775,640 664,(664-640)
776,120 144,(144-120)
777,117 141,(141-117)
778,837 861,(861-837)
779,788 812,(812-788)
780,198 222,(222-198)
781,785 809,(809-785)
782,195 219,(219-195)
783,666 690,(690-666)
784,146 170,(170-146)
785,76 100,(100-76)
786,863 887,(887-863)
787,273 297,(297-273)
788,814 838,(838-814)
789,744 768,(768-744)
790,224 248,(248-224)
791,221 245,(245-221)
792,692 716,(716-692)
793,102 126,(126-102)
794,889 913,(913-889)
795,299 323,(323-299)
796,840 864,(864-840)
797,770 794,(794-770)
798,250 274,(274-250)
799,247 271,(271-247)
800,718 742,(742-718)
801,128 152,(152-128)
802,325 349,(349-325)
803,36 864,(864/36)
804,796 820,(820-796)
805,206 230,(230-206)
806,154 178,(178-154)
807,874 898,(898-874)
808,351 375,(375-351)
809,822 846,(846-822)
810,232 256,(256-232)
811,180 204,(204-180)
812,900 924,(924-900)
813,310 334,(334-310)
814,848 872,(872-848)
815,258 282,(282-258)
816,926 950,(950-926)
817,336 360,(360-336)
818,807 831,(831-807)
819,284 308,(308-284)
820,26 624,(624/26)
821,411 435,(435-411)
822,952 976,(976-952)
823,882 906,(906-882)
824,362 386,(386-362)
825,833 857,(857-833)
826,440 464,(464-440)
827,437 461,(461-437)
828,25 600,(600/25)
829,908 932,(932-908)
830,388 412,(412-388)
831,859 883,(883-859)
832,515 539,(539-515)
833,466 490,(490-466)
834,937 961,(961-937)
835,463 487,(487-463)
836,934 958,(958-934)
837,414 438,(438-414)
838,344 368,(368-344)
839,885 909,(909-885)
840,295 319,(319-295)
841,541 565,(565-541)
842,492 516,(516-492)
843,963 987,(987-963)
844,489 513,(513-489)
845,960 984,(984-960)
846,370 394,(394-370)
847,911 935,(935-911)
848,567 591,(591-567)
849,518 542,(542-518)
850,448 472,(472-448)
851,396 420,(420-396)
852,593 617,(617-593)
853,3 27,(27-3)
854,474 498,(498-474)
855,422 446,(446-422)
856,552 576,(576-552)
857,29 53,(53-29)
858,500 524,(524-500)
859,578 602,(602-578)
860,526 550,(550-526)
861,38 912,(912/38)
862,604 628,(628-604)
863,14 38,(38-14)
864,682 706,(706-682)
865,630 654,(654-630)
866,40 64,(64-40)
867,511 535,(535-511)
868,708 732,(732-708)
869,118 142,(142-118)
870,656 680,(680-656)
871,586 610,(610-586)
872,66 90,(90-66)
873,537 561,(561-537)
874,193 217,(217-193)
875,734 758,(758-734)
876,144 168,(168-144)
877,615 639,(639-615)
878,141 165,(165-141)
879,612 636,(636-612)
880,92 116,(116-92)
881,22 46,(46-22)
882,563 587,(587-563)
883,28 672,(672/28)
884,219 243,(243-219)
885,760 784,(784-760)
886,690 714,(714-690)
887,170 194,(194-170)
888,641 665,(665-641)
889,167 191,(191-167)
890,638 662,(662-638)
891,48 72,(72-48)
892,589 613,(613-589)
893,719 743,(743-719)
894,245 269,(269-245)
895,716 740,(740-716)
896,196 220,(220-196)
897,126 150,(150-126)
898,667 691,(691-667)
899,1 23,(1+23)
900,664 688,(688-664)
901,74 98,(98-74)
902,271 295,(295-271)
903,742 766,(766-742)
904,152 176,(176-152)
905,693 717,(717-693)
906,100 124,(124-100)
907,820 844,(844-820)
908,297 321,(321-297)
909,768 792,(792-768)
910,178 202,(202-178)
911,846 870,(870-846)
912,256 280,(280-256)
913,794 818,(818-794)
914,204 228,(228-204)
915,872 896,(896-872)
916,40 960,(960/40)
917,282 306,(306-282)
918,753 777,(777-753)
919,230 254,(254-230)
920,360 384,(384-360)
921,6 18,(6+18)
922,1 24,(1*24)
923,898 922,(922-898)
924,308 332,(332-308)
925,779 803,(803-779)
926,189 213,(213-189)
927,41 984,(984/41)
928,386 410,(410-386)
929,857 881,(881-857)
930,334 358,(358-334)
931,264 288,(288-264)
932,805 829,(829-805)
933,215 239,(239-215)
934,932 956,(956-932)
935,412 436,(436-412)
936,883 907,(907-883)
937,293 317,(317-293)
938,880 904,(904-880)
939,290 314,(314-290)
940,831 855,(855-831)
941,241 265,(265-241)
942,958 982,(982-958)
943,30 720,(720/30)
944,438 462,(462-438)
945,909 933,(933-909)
946,319 343,(343-319)
947,906 930,(930-906)
948,316 340,(340-316)
949,267 291,(291-267)
950,464 488,(488-464)
951,394 418,(418-394)
952,935 959,(959-935)
953,345 369,(369-345)
954,342 366,(366-342)
955,423 447,(447-423)
956,420 444,(444-420)
957,961 985,(985-961)
958,371 395,(395-371)
959,368 392,(392-368)
960,498 522,(522-498)
961,449 473,(473-449)
962,446 470,(470-446)
963,397 421,(421-397)
964,524 548,(548-524)
965,475 499,(499-475)
966,472 496,(496-472)
967,550 574,(574-550)
968,431 455,(455-431)
969,628 652,(652-628)
970,4 20,(4+20)
971,576 600,(600-576)
972,457 481,(481-457)
973,654 678,(678-654)
974,64 88,(88-64)
975,602 626,(626-602)
976,12 36,(36-12)
977,483 507,(507-483)
978,680 704,(704-680)
979,90 114,(114-90)
980,561 585,(585-561)
981,38 62,(62-38)
982,509 533,(533-509)
983,3 72,(72/3)
984,706 730,(730-706)
985,636 660,(660-636)
986,116 140,(140-116)
987,587 611,(611-587)
988,535 559,(559-535)
989,665 689,(689-665)
990,662 686,(686-662)
991,142 166,(166-142)
992,72 96,(96-72)
993,613 637,(637-613)
994,9 15,(9+15)
995,23 47,(47-23)
996,20 44,(44-20)
997,740 764,(764-740)
998,691 715,(715-691)
999,101 125,(125-101)
1000,688 712,(712-688)
1001,98 122,(122-98)
1002,639 663,(663-639)
1003,49 73,(73-49)
1004,46 70,(70-46)
1005,766 790,(790-766)
1006,717 741,(741-717)
1007,127 151,(151-127)
1008,714 738,(738-714)
1009,124 148,(148-124)
1010,75 99,(99-75)
1011,795 819,(819-795)
1012,792 816,(816-792)
1013,202 226,(226-202)
1014,743 767,(767-743)
1015,673 697,(697-673)
1016,153 177,(177-153)
1017,150 174,(174-150)
1018,821 845,(845-821)
1019,818 842,(842-818)
1020,228 252,(252-228)
1021,769 793,(793-769)
1022,699 723,(723-699)
1023,179 203,(203-179)
1024,176 200,(200-176)
1025,306 330,(330-306)
1026,847 871,(871-847)
1027,844 868,(868-844)
1028,254 278,(278-254)
1029,725 749,(749-725)
1030,205 229,(229-205)
1031,135 159,(159-135)
